label,text
Neutral,PERSON PERSON මෙකි ඉයෙ බිලද කොහෙද ඉදල තියෙන්නෙ මතු ප්රයොජනෙට SS ගහ ගත්ත
Location,PERSON PERSON කොහෙද මෙ පන් කඩෙ තියෙන්නෙ
Location,PERSON එකෙම්ම ෆ්රෙන් එකෙම්ම මිනිහගෙං වර්ක්ෂොප් එක කොහෙද තියෙන්නෙ
Location,PERSON PERSON එක කොහෙද තියෙන්නෙ
Location,මිනිස්සුන්ගෙ මනුස්සකම තියෙන්නෙ කොහෙද ඇත්තටම ්රෂ්න
Location,PERSON කොහෙද තියෙන්නෙ මොනද තියෙන්නෙ
Neutral,PERSON PERSON PERSON PERSON PERSON PERSON PERSON සිරවට දෙයක් හොදින් පැහැ
Location,PERSON PERSON PERSON කොහෙද තියෙන්නෙ R එක ඇයි register නොකර තියන් ඉන්නෙ
Neutral,PERSON PERSON ඔක සෙක්ස් වලට එහ හිය ඇදුම් පැලදුම් ගති සිරිත් වල ඇති උනු පසුගමි තත්වයක් කියල මට හිතෙන්නෙ
Location,හරියට කියපං ලංකවෙ ලොකුම Wall Art එක තියෙන්නෙ කොහෙද
Location,හරියට කියපං ලංකවෙ ලොකුම Wall Art එක තියෙන්නෙ කොහෙද
Location,PERSON ඔය දන්නැද්ද ඉයෙ පෙරෙද අරංචි උනෙ ඔය Kushan කියන කෙන මැරිල තියෙන්නෙ දි ද කොහෙද කියල
Location,PERSON PERSON Phone එකෙ කොහෙද තියෙන්නෙ
Location,PERSON කොහෙද තියෙන්නෙ එක
Neutral,අද මෙ පොලිසියෙ කැලනි හිගන්නො ටික කැලනි පලම එක තිරුවක් වහල අධිවෙගය හදන්නලු විකල්ප මර්ග බවිත කරන්නලු එ කියන විකල්ප ම
Location,PERSON ඔක හදපු හදය කුප්ප කමටමද කොහෙද හදල තියෙන්නෙ
Neutral,PERSON මෙච්චර කල් පුත කොහෙද හිටියෙ රසික
Neutral,දන්න අය කියන්න මෙ කොහෙද කියල
Neutral,අල්ලපු ගෙදර බම්බි රතිඥ්ඥ සද්දෙට දුවගෙන අව එමට කෙලින්ම මගෙ කමරෙ ගෙදර අය කොහෙද ගිහින් මොන කරන්නද කට්ටිය එනක
Neutral,දි මහින්ද රජපක්ෂ බලයට පත් කරන්න උදව් කිරිම ගැන අපි ජතියෙන් සමව ගන්නව     ජතියෙ බෞද්ධ නයකය කියල හිතන් ඉන්න පටලි
Location,ඔබ ඉන්නෙ කොහෙද කිය මම හොයනව ලොකෙ පුර
Location,කරු පොලිසියෙන් දැනුම් දුන්නට පස්සෙ රජිතව හැංගුවෙ කොහෙද
Neutral,දි මහින්ද රජපක්ෂ බලයට පත් කරන්න උදව් කිරිම ගැන අපි ජතියෙන් සමව ගන්නව     ජතියෙ බෞද්ධ නයකය කියල හිතන් ඉන්න පටලි
Neutral,PERSON PERSON හැ ගනෙමුල්ලෙ කොහෙද මං ගනෙමුල්ලෙම නෙමෙයි රගම ගනෙමුල්ල කඩවත මැද ඉන්නෙඑකම දුර
Neutral,PERSON හොදයි වගෙ මං ඉන්ටරෙස්ට් නිස මට හොදයි බලන්න වෙලවක ලුනි මර ද කොහෙද මග්දලෙනට උන්නෙ Jouaqin as jesu
Location,PERSON කොහෙද මෙ
Neutral,PERSON අපොයි මට මැවිල පෙනව ඔය දෙන්නට බැන බැන කමර ගනෙ ඇවිද ඇවිද බඩු පැක් කරන හැටි   කොහෙද මම කිව්වට අහන්නෙ නැනෙ මම නං දන්නෙ නැ
Location,PERSON අම්මො කොහෙද උන්නෙ
Location,PERSON PERSON එකත් කමක් නැ කියමුකො මට තියෙන ප්රෂ්නෙ තම අරුගෙ අත තියෙන්නෙ කොහෙද බන්
Neutral,නිම්සිගෙ vocabulary එකට හෙන ගහලද කොහෙද ඉයෙ පෙරෙද ඉදන්
Neutral,PERSON අපිට කොහෙද නත්තල්
Location,දි මහින්ද රජපක්ෂ බලයට පත් කරන්න උදව් කිරිම ගැන අපි ජතියෙන් සමව ගන්නව     ජතියෙ බෞද්ධ නයකය කියල හිතන් ඉන්න පටලි
Neutral,අහිම්සක වල් කොල්ලෙක් ලබන්නත් කෙල්ලෙක්ට පින තියෙන්න ඔන කොහෙද හැමොම පව්කරියො
Neutral,PERSON PERSON PERSON ප්රධන බෂ එකසිය ගනක් තියන ඉන්දියවෙ පව එක ජතික ගියයි තියෙන්නෙ අපෙ උන්ට අමු කැවිලද කොහෙද
Neutral,දි මහින්ද රජපක්ෂ බලයට පත් කරන්න උදව් කිරිම ගැන අපි ජතියෙන් සමව ගන්නව     ජතියෙ බෞද්ධ නයකය කියල හිතන් ඉන්න පටලි
Neutral,නම ඇහුවම සතුටු හිතෙන දෙෂපලකයෙකුට හිටියෙ Atal Bihari Vajpayee විතරමද කොහෙද
Neutral,දි මහින්ද රජපක්ෂ බලයට පත් කරන්න උදව් කිරිම ගැන අපි ජතියෙන් සමව ගන්නව     ජතියෙ බෞද්ධ නයකය කියල හිතන් ඉන්න පටලි
Neutral,Jul views ඉතින් කොහෙද නිවරන ධර්ම තෙරෙන්නෙ සියලු දෙනට වැඩි වැඩියෙන් ධර්මය අසන්නට ලැබෙව
Location,PERSON හිත කොහෙද ගියෙ
Location,PERSON කොහෙද කොහෙද
Neutral,ගොටබය එනකක් නටපියව් අයට පස්සෙ අඬපියව් කොහෙද ඉතින් මෙ සිරිසෙනය පබයනෙ
Neutral,නිතිඥ ගෞරි සංගරි තවරසගෙ උපදෙස් මත නිතිඥ මන්ඩලයක් පෙත්සම්කර රජිත සෙනරත්න වෙනුවෙන් පෙනි සිටියෙය   එක පිටුපසත් සිටින්නෙ PERSON
Neutral,PERSON කොහෙද බo ව්යංගර්ථයක් තියෙන්නෙ ඔය කෙලින්ම කියල තියෙන්නෙ මo
Location,PERSON ඇයි කොහෙද වැටුනෙ
Neutral,PERSON PERSON හැ ගනෙමුල්ලෙ කොහෙද මං ගනෙමුල්ලෙම නෙමෙයි රගම ගනෙමුල්ල කඩවත මැද ඉන්නෙඑකම දුර
Neutral,නිතිඥ ගෞරි සංගරි තවරසගෙ උපදෙස් මත නිතිඥ මන්ඩලයක් පෙත්සම්කර රජිත සෙනරත්න වෙනුවෙන් පෙනි සිටියෙය   එක පිටුපසත් සිටින්නෙ PERSON
Neutral,PERSON මම මෙ කතව කියපු පලමු අවස්තව අහබු සිදුවිමකින් බන අහන්න යොමු උනෙ සංසර පුරුද්දකටද කොහෙද එද ඉදල මැ
Neutral,PERSON ජොර්ජ් සැමුවෙල් සුද්දන්ගෙ නම් දගෙන අපෙ ගොට ස ට එක එක එව කියන් එන එන්ජිඔ කරෙයෙක්ද කොහෙද
Neutral,PERSON ඔව් අපිට matrix එකක් හදන්න අමුතුවෙන් රොබොල ඔන නැ අපි මෙ හදගන යන්නෙ එකෙ නම Gotham ද කොහෙද මිනිස්සු
Neutral,දි මහින්ද රජපක්ෂ බලයට පත් කරන්න උදව් කිරිම ගැන අපි ජතියෙන් සමව ගන්නව     ජතියෙ බෞද්ධ නයකය කියල හිතන් ඉ
Neutral,PERSON විස්තරත්මකව බලපු ගනම සිය පැනල ඉතින් කොහෙද
Neutral,PERSON PERSON PERSON මටනන් මිග්රෙන් එනව ගෙදර අවම ඇයි වදෙ ෆ්ලැෂස් එහෙන් සද්දෙ එහෙන් මුන් මෙ ඔය රස්සව
Neutral,නිතිඥ ගෞරි සංගරි තවරසගෙ උපදෙස් මත නිතිඥ මන්ඩලයක් පෙත්සම්කර රජිත සෙනරත්න වෙනුවෙන් පෙනි සිටියෙය   එක පිටුපසත් සිටින්නෙ PERSON
Neutral,අපිට කොහෙද පුසො DSLR ෆොන් එකට මොනොකියුලර් එක තිබ්බ ගත්ත
Neutral,මං ඉයෙ කිව්ව පබට ගන්න කියල කොහෙද ඉතින් ගත්තෙ නැනෙ
Neutral,නම ඇහුවම සතුටු හිතෙන දෙෂපලකයෙකුට හිටියෙ Atal Bihari Vajpayee විතරමද කොහෙද
Location,PERSON අඩෙ සැව්ලයිය දැක්ක කල් කොහෙද බොලෙ හිටියෙ සුබ නත්තලක් වෙව
Location,PERSON එසෙම වෙව කොහෙද හිටියෙ මෙ ටිකෙ
Neutral,PERSON PERSON එ ජනධිපති කලෙ විතරයි ද කොහෙද
Neutral,අපි කොහෙ හරි trip එකක් ගියම බලන්න යන තැන් වලටත් වෙලව මදි එකට අරුන් දෙන්න නුවර ගිහින් තියෙන්නෙ පොඩි පොඩි පොකට්
Location,PERSON කොහෙද මැට්ටො ඔය හිටියෙ
Neutral,නිතිඥ ගෞරි සංගරි තවරසගෙ උපදෙස් මත නිතිඥ මන්ඩලයක් පෙත්සම්කර රජිත සෙනරත්න වෙනුවෙන් පෙනි සිටියෙය   එක පිටුපසත් සි
Neutral,PERSON PERSON මන් දන්නැ කවුද කලෙ කියල එත් හිතන් ඇත්තෙ මන් කල කියලද කොහෙද
Neutral,PERSON PERSON PERSON එව කොහෙද මගෙත් එක්ක
Neutral,අහිම්සක වල් කොල්ලෙක් ලබන්නත් කෙල්ලෙක්ට පින තියෙන්න ඔන කොහෙද හැමොම පව්කරියො
Neutral,PERSON ඔයි wheel එවුනුත් බයටද කොහෙද එ ඉඩට ඔබල නැ
Neutral,මහ වැසි මැද සොමවතියෙ බුද්ධ පුජව අකන්ඩව     සොබදහමට නොවන අවනත ලොවෙ කිසිවක් නැ    බුද්ධ සසනයත් අතුරුදහන් වි
Neutral,ටිල්සියගෙ සෙනසුරද නලලෙද කොහෙද ඉන්නෙ ඇලර්ජි එකක් ඇවිල්ල කකුලකුත් කඩගෙන දැන් නල දතකුත් ඇවිල්ල කට ඇරගන්න බැලු පි
Location,PERSON එ කොහෙද එක තියෙන්නෙ
Neutral,PERSON License එකයි යි මස ක් ද කොහෙද cancel කරනව
Location,PERSON Hi hiකොහෙද ෆන හිටියෙ
Neutral,PERSON PERSON Ahh ඔව්මයි නැ නැ උරගෙන්ද කොහෙද නෙහ්
Neutral,මටත් තිබුන කතන්දරයක් ලියන්න පුර්ව අපර සන්ධි ගලපල කොහෙද ඉතිං උබ හදන්නෙ නව කතව ඇතුලෙ එලි සමය රකින්නනෙ
Neutral,PERSON ටයිම් තුනක් දෙන්න බැරි නිස එකම දවසෙ එකම වෙලවට අපෙ ගෙදර ගෙන්නන්න හැදුවෙ කොහෙද එකෙක්ට වැඩ අනික ක
Location,ඇයි යප කොහෙද කියල අහද්දි
Neutral,සිම්හයගෙ තත්ත නම් නරියෙක්ද කොහෙද
Neutral,PERSON අපෙත් අයියෙක් ඉන්නව දවසට වචන දෙකක් වත් ගෙදර අයත් එක්ක නැ ලෙඩක් ද කොහෙද එහෙම අයට
Neutral,PERSON PERSON අපෙ ගෙදරත් එකක් තිබ්බ හොයන්න ඔනෙ කොහෙද කියල
Location,PERSON කො තිය කොහෙද හැංගුවෙ
Neutral,PERSON අපිට කොහෙද ඔච්චර වසනවක්
Neutral,PERSON කොහෙද අක්ක එ
Neutral,PERSON PERSON හෙට දවල් ට හිල්ටන් එකෙ වෙනි තට්ටුවෙ රෙසිප්ෂන් එකෙන් ජුඩ් රොගන්ස්ගෙ පර්ටිය කොහෙද කියල ඇහුව නම් පෙන්වයි
Neutral,PERSON පුප් ගියද කොහෙද
Neutral,සංසරෙ අපි කරපු පවක් නිසද කොහෙද කුඩු හලගන්නෙ නැතුව තම හරියට අපිට පෙස්ට්රියක්වත් කගන්න බැරි
Neutral,PERSON PERSON PERSON ඇයි කොහෙද බොලව් මම බොරැ කිවුවෙ
Neutral,PERSON PERSON මගෙ මහගෙදර ඉදල ඇවිදින දුරෙ තියන අමින මුස්ලිම් විද්යලයට නං අගොස්තු නිවඩුව තියනව
Neutral,ඉස්සර අපෙ සියගෙ පැත්තෙ අය උග්ර කතොලික එයලගෙ පරම්පරික රස්සව වුනෙ නත්තල් කලෙට සැන්ට ක්ලොස්ට ඇදල චිමිනි අස්සෙන්
Neutral,Quote දහයක ලොතරැයි කොහෙද බං ඉෂු කරන්නෙට්විටර් එකටම අවෙනික එව ද මෙ කොට් දහයක ලොතරැයි යකො ඩුපක් ගහද්දි ටිකක් සැලකිලිමත් වෙයං
Location,PERSON කොහෙද කියල sure නැ මචං කොහෙ හරි ස්ටෙෂන් එකක
Neutral,හෙලොලො
Location,PERSON PERSON PERSON අන්න එකද කොහෙද
Location,PERSON PERSON PERSON Ray Z එකද කොහෙද එකෙ අලුත් එක
Neutral,PERSON ඔය නෙමෙද අර ඉලක්කම් හතකද කොහෙද පඩියක් ගන්නෙ
Location,PERSON PERSON සිරවටම මෙක ලංකවෙද  කොහෙද තැන
Neutral,PERSON හොස්පිටල් එකෙදි මුගෙ මෙනව හරි මරු කරල මැහුම් දලද කොහෙද
Neutral,මෛත්රිපල ගෙ photographer ගත්ත එකක්ද කොහෙද
Location,PERSON කොහෙද ඉන්නෙ
Neutral,ඉස්සර අපෙ සියගෙ පැත්තෙ අය උග්ර කතොලික එයලගෙ පරම්පරික රස්සව වුනෙ නත්තල් කලෙට සැන්ට ක්ලොස්ට ඇදල චිමිනි අ
Neutral,යන්නෙ කොහෙද මල්ලෙ අරුමොසම් බඩුවක්
Neutral,PERSON කොහෙද බන් තදබදයක් ඇති වෙන්නෙ
Neutral,PERSON දැන් රෙද්ද උස්සන් එයි   මම කොහෙද ඩො උඩ යන්නෙ   ගගෙන
Neutral,PERSON PERSON අපිට කොහෙද බුල් බල්ලො
Neutral,පැන්ටි හොදන උං කොහෙද බං පිරිමි උනෙ
Location,PERSON නුවර කොහෙද යන්නෙ
Neutral,PERSON මං දැන් ලබුදුවෙඔය කොහෙද
Location,PERSON කොහෙද බන් මෙ
Location,PERSON බකමුනෙ කොහෙද ඉන්නෙ
Location,PERSON එ කොහෙද මම Dodanduwe
Neutral,කොහෙද ඉතින් අපෙ සිරිසෙන ජනධිපතිතුමට කොන්දක් නැනෙ කොන්දක් තියෙන නයකයෙක් රටට හිටියනන් දෙමෙල්ලු මෙහෙම රගන්නෙ නැ අයුබොවන්
Neutral,මං හිතගෙන හිටියෙ අපි ඇතට ඇතට ප නගල ගිහින් අර ඇත පෙන කන්ද ලග තියෙන ලස්සන ෆයිනස් කැලෙ අතරමං වෙන්න කොහෙදවැස්ස වැඩෙ කැවඔයි
Location,PERSON කොහෙද මෙච්චර කල් හිටියෙ බං
Location,PERSON PERSON JVP සෙට් එකද කොහෙද බං
Location,PERSON කොහෙද බන් මෙ පට්ට සිර
Neutral,PERSON PERSON Charles Mark දැන් කොහෙද දෙන්න
Location,PERSON PERSON බොක්ක කොහෙද බං උන්නෙ
Neutral,PERSON මචන් බත්තලංගුන්ඩුව දැන් නැ නෙද සුනමියෙන් පස්සෙද කොහෙද එක යටවුනනෙ
Location,PERSON PERSON බෙලිඅත්ත කොහෙද යකො දික්වැල්ල
Neutral,PERSON PERSON PERSON යන්නෙ කොහෙද මල්ලෙ පොල් චුන් පන් ද
Location,PERSON කොහෙද ගියෙ
Neutral,PERSON මෙහෙම බැලුවම මිලින්ද විතරයි ද කොහෙද යවන්න පුලුවන් ඇත්තටම ප්රයොගිකව මෙ කරන ගැන නිර්නයක මහජන
Location,PERSON කොහෙද බං
Location,PERSON කොහෙද මෙහෙ ද
Neutral,PERSON මම දල කොහෙද
Neutral,පිට සක්වල උන්ද කොහෙද මව ලුහුබදිනව අම්මො
Neutral,PERSON PERSON බොටෙක්ද කොහෙද මු
Location,PERSON මෙ කොහෙද
Neutral,PERSON කොහෙද අතක්
Location,PERSON PERSON PERSON PERSON PERSON PERSON උබ කොහෙද යන්නෙ හිටහන් මෙන්න මෙ
Neutral,PERSON PERSON මට මෙච්චරකල් බොරුවටද කොහෙද කට්ටිය කියුට් කියල තියෙන්නෙ
Location,PERSON කොහෙද මල්ලෙ හිටියෙ
Location,PERSON කොහෙද මෙ
Neutral,කොහෙද ඉතින් අපෙ සිරිසෙන ජනධිපතිතුමට කොන්දක් නැනෙ කොන්දක් තියෙන නයකයෙක් රටට හිටියනන් දෙමෙල්ලු මෙහෙම රගන්නෙ නැ අ
Neutral,PERSON එක මර ලස්සනයි බන් මම හොරෙන් car එක බලන් ඉදල මට්ටු දැන් උෟ මම gay කියල හිතෙනවද කොහෙද
Neutral,PERSON අපිත් අසයි තමයි   එත් කොහෙද කත කරොත් හිතන්නෙ අපි බදින්න කත කරනව කියල නෙ
Location,අර ඉරජ් හදය කොහෙද දන්නෙ නැ ඉන්නෙ
Neutral,මම මොනහරි කල්පන කරද්දි තොල හපනව දැන් තොලෙ එක තැනකට ලෙ එන එක අඩු වෙලද කොහෙද රොස පට අඩුයි
Location,PERSON කොහෙද
Neutral,PERSON හරියට හරි  ගිය අවු දි සංගය වහන්සෙ මංචු දල ඇතුලට දනකොට ඔය යක්කු කොහෙද හිටියෙ මෙ ඔක්කොම පටලි ගෙ කුනු දෙෂපල
Neutral,PERSON එයි කොහෙද මනුස්සයො ඉන්නෙ මොඩ රටකජ්ජ මං තරහ වෙල ම ඉන්නව ඇ
Neutral,PERSON හරියට හරි  ගිය අවු දි සංගය වහන්සෙ මංචු දල ඇතුලට දනකොට ඔය යක්කු කොහෙද හිටියෙ මෙ ඔක්කොම පටලි ගෙ
Neutral,යන්නෙ කොහෙද මල්ලෙ පොල්  එක රටෙ අධ්යපන ක්රමයෙ වැරැද්ද නෙවෙයිද මෙ පිටුවෙ වගෙම වෙනත් පිටුවලත් මම දැකල තියෙනව
Neutral,PERSON උන් අවෙ නැ පරවල් වල යන වහන නතර කරෙ නැ කොහෙද ගියපු වහනයක් තමයි අවෙ
Neutral,PERSON එකනෙමෙහෙ නත්තල් සිය කොහෙද දන්නෙ නැමෙ දැරිවිට තැග්ගක් දෙන්න
Neutral,PERSON කොහෙද ට කත කරන්නඉතිරි අය ගැන බලන්න
Location,PERSON කොහෙද
Location,PERSON මෙ කොහෙද හරි ලස්සනයි
Neutral,PERSON ඔක දිගට තියෙ පෙරෙදද කොහෙද මම ස්ටෙටස් දැම්ම
Location,PERSON කොහෙද බෙබො ඔය
Neutral,රජයෙ ව්යපෘතිවල දෙෂපලකයන්ගෙ නම් ප්රදර්ෂනය කිරිම තහනම් කරනව කියල නෙද කිව්වෙ එතකොට මෙ කොහෙද
Neutral,අර කංද උඩ හොටලෙ පුල් එකෙ ඉදන් ෆොටො දපු කවුරුත් කියනවද එ හොටලෙ තියන්නෙ කොහෙද කියල බුක් මර්ක් එක හොයගන්න නැ අප්ප
Neutral,PERSON PERSON මෙකි ඉයෙ බිලද කොහෙද ඉදල තියෙන්නෙ මතු ප්රයොජනෙට SS ගහ ගත්ත
Location,PERSON කොහෙද කොහෙද
Neutral,PERSON ෆොන්නෙකෙ නයිට් ඩෙට තියෙනව ඇති වෙන්නකොහෙද ඉතින්වයිෆයි ඔනෙම කියනවනෙ
Location,හමුදුරුවරු හිරෙ දල පන්සල් ඩොසර් කරනකොට මුංගෙ බෞද්ධකම කොහෙද දන්නැ තිබ්බෙ
Location,PERSON බස් එකෙදි වෙච්ච සිද්දියක්ද කොහෙද
Location,PERSON කොහෙද කියල බැලුවෙ
Neutral,PERSON මරු කියවනවද කොහෙද
Neutral,අවෙ කොහෙද ගියෙ කෙහෙද දැන් යන්නෙ කොහෙද ජිවිතය හරි පුදුමයි  ිවිතය
Neutral,වැඩෙ දරුනුයි වගෙ ලෙ එනවද කොහෙද
Location,PERSON කොහෙද ඉන්නෙ දැන්
Neutral,PERSON කොහෙද මෙ අක්කගෙ වදෙට ගියෙ
Neutral,මහ වැසි මැද සොමවතියෙ බුද්ධ පුජව අකන්ඩව     සොබදහමට නොවන අවනත ලොවෙ කිසිවක් නැ    බුද්ධ සසනයත් අතුරුදහන්
Location,PERSON කොහෙද හුත් වැලපුනෙ
Location,PERSON අපි කොහෙද මෙ ඉන්නෙ
Location,PERSON PERSON කොහෙද
Location,PERSON දන්නව අලෙ මන් ඇහුවෙ මෙක කොහෙද පිහිට ල තියෙන්නෙ කියල කිරිදිවැල නම් නෙමෙ ද කොහෙ
Neutral,PERSON හෙව්ව හෙව්වඑත් නැඅපිව මුල කරනවද කොහෙද
Neutral,PERSON PERSON මෙයගෙන් Warranty එක්ක ගන්න පුලුවන් අඩුවට ද කොහෙද අවුරුද්දටම
Neutral,PERSON PERSON PERSON වෙන්න බැරි නැ මං හිතන්නෙ මෙය කියන බොරුවලට අකුනක් ගැහුවද කොහෙද එ හින්ද
Location,ඉරජ් ඔය කොහෙද
Location,PERSON රත්නපුර කොහෙද ගම්මො
Location,PERSON කොහෙද couple pres hoot එකක් කරනෙ
Location,PERSON කොහෙද මෙ
Location,PERSON කොහෙද ගන්න තියෙන්නෙ
Neutral,PERSON PERSON සර්ලොක් හොම් මෙදවස් වල නිවඩු ගිහින්ද කොහෙද
Neutral,PERSON දැන් මතක් උනෙ එ උනට උබනං අප්පච්චි මලගෙ දරුවෙක්ද කොහෙද
Neutral,රටෙ තියන ඇත්තම තත්වෙ කියගන්ඩ බැරුව ඉන්නෙ කොහෙද ඉතින් එක එකට කඩෙ යනව කියගෙන රෙද්ද උස්සන් එනවනෙ
Neutral,PERSON මම එ දවස් වලමත් ඔක කිව්වද කොහෙද
Location,PERSON බිත්තියෙ පපුව තියෙන්නෙ කොහෙද
Neutral,PERSON නම් කියක් කියලද ඉතින් කොහෙද මතක
Neutral,PERSON එකග වෙන්න ඔනිනෙඔයට වඩ මන් කෙට්ටුද කොහෙද
Location,PERSON PERSON හරි ඉතින් නුවර කොහෙද
Location,PERSON මෙ කොහෙද අලෙ
Location,PERSON PERSON කොහෙද මෙ පන් කඩෙ තියෙන්නෙ
Location,PERSON PERSON නැ ඔය කොහෙද
Neutral,PERSON ම හ එද ප්රිය සදයෙ සුරතෙ වෙලි රැගුවෙ ඇයයි කියල කියන්න තිබ්බ චන්ස් එකනෙ කොහෙද ඉතිම් මලපෙරෙත බලුමක් දලනෙ
Location,PERSON එකෙම්ම ෆ්රෙන් එකෙම්ම පොඩි අවුලකට කියල වුනෙ මිනිහගෙං වර්ක්ෂොප් එක කොහෙද තියෙන්නෙ කියල අහපුවම ගෙදර කියල
Location,කො කොහෙද
Neutral,PERSON මෙ මනුස්සය ලිප්ස්ටික් ගනවද කොහෙද
Neutral,PERSON PERSON PERSON මං ඉන්ටනෙට් එක්ස්ප්ලොරර්ද කොහෙද යුස් කරන්නෙ ඔය ක්රොම් නෙද දැං දැක්කෙ
Neutral,PERSON දන්න විදිහට නන්න බැ කොලිටියක් නැ මිගමුව බිච් එකෙමිගමුවට ගිහිල්ල කොච්චිකඩෙ බස් එකක නැග්ග නම් යන්න පු
Location,PERSON PERSON කො කොහෙද කියපන්
Location,PERSON PERSON එක කොහෙද තියෙන්නෙ
Location,PERSON PERSON PERSON PERSON තොර් ට කොහෙද සන්ත පුසෙක් උට ඉන්නෙ ඉබ්බෙක් නෙහ්
Location,මිනිස්සුන්ගෙ මනුස්සකම තියෙන්නෙ කොහෙද ඇත්තටම ්රෂ්න
Neutral,PERSON PERSON PERSON ඔවු කොහෙද මුන් කියන දෙයක් අහනවැයි
Location,PERSON ගෙදර කොහෙද
Location,PERSON PERSON ඔක එකිගෙ යලුවගෙ ද කොහෙද
Neutral,PERSON කොහෙද ඉතින් කට්ටිය අනයනික කොමිස් කැමනෙ ඉල්ලන්නෙ
Location,PERSON කොහෙද තියෙන්නෙ මොනද තියෙන්නෙ
Neutral,කොහෙද මෙක වෙන්නෙ නිති විරොධි වැඩක් මෙක
Neutral,PERSON බිලද කොහෙද
Neutral,PERSON දැනගත්ත මුල් කලෙ තිබ්බ ප්රෂ්නෙ මෙ කොලෙට ඇයි පොත කියන්නෙ කියල කොහෙද පරන සිද්ධි දන්නෙ නැනෙ
Neutral,PERSON PERSON PERSON මට කොහෙද කෙල්ලො
Neutral,සොයමි මම තවම නුබ කොහෙද හැංගෙනු මිදි මවෙතින් රැක හිනෙන් සිතට ගොඩවනු මිසක හැබැහින් එන්නෙ නැතිවද කදුල
Neutral,PERSON PERSON කොහෙද බිත්තියෙ නෙද
Neutral,PERSON PERSON හන්ඩල් එක කිව්වෙ ඔය හැඬල් එක නෙවෙයි කොලුවො Twitter handle එක කොහෙද ඉතින් මෙ
Neutral,නිතිසම්පදකයොත් උන් යැයි කියගන්න හිවල්ලු රැලක් එක්ක කොහෙද බන් මවුන්ට් එලිසබෙත් වගෙ රොහල් පද්දතියක් හදන්නෙ
Neutral,Trip to down south කියල ගෙදර එන ගමන් photo ටිකක් දැම්ම එකෙක්ටවත් එක note වෙල නැද්ද කොහෙද
Neutral,අවුරුදු වෙන ඩයල් එකක් debut සිරිස් එක ගහනව පලවෙනි මැච් එකෙ සියක් ගහනව not out* දැන් දෙවෙනි මැච් එකෙත් සියට
Neutral,PERSON එල එලනුවර කොහෙද
Neutral,PERSON එහෙම වසනවක් කොහෙද පර්සෙක වට්ටගෙන ක් විතර කෙලවගෙනනම් තියෙනො
Neutral,Car එක සොදන්න දුන්නම උ ඇහුව කොහෙද ගියෙ මෙකෙ කියල හිතගන්නකො ඉතින් car එකෙ condition එක
Location,ඔක්තොබර් වෙනකං හැම මසෙම විසිඑක්වැනි ද Facebook එකෙඅනුස්මරනය කරපු ලංකවෙ මිනිස්සු දැන් කොහෙද උන් මැරිල එංගලන්ත ව
Location,PERSON කොහෙද ඉන්නෙ අද
Location,PERSON කොහෙද තියෙන්නෙ
Neutral,PERSON හම්මෙ අයින්ස්ටයින්ගෙ ක්ලොන් එකක්ද කොහෙද මෙ
Neutral,PERSON : අනුපතය මන් හිතන්නෙ ඔය ගනන් පඩමක් ද කොහෙද අහන්නෙ
Location,මම  ඔබ  නිදන නින්දෙ සුව කොහෙද වින්දෙ සෙවනැලි සද රැදෙවි
Neutral,කසිප්පු බොන්න දවසට වතවක් දුවන මිනිහෙක් යන්නෙ බයිසිකලෙන් උන්නු ගමන් ගෙදර එන්නෙ රැට ත්රි විල් එකෙන් එ කියන්නෙ එන්න
Neutral,PERSON PERSON PERSON රජිතගෙ බෙහෙත් මෆියවෙන් කොමිස් ගත්ත එකෙක්ද කොහෙද
Location,PERSON ඔය කොහෙද ඉන්නෙ
Location,කොහෙද යකො මෙව හංගල තිබුනෙ
Neutral,PERSON PERSON PERSON PERSON PERSON PERSON PERSON සිරවට දෙයක් හොදින් පැහැ
Location,PERSON PERSON Hutchison Asia Telecom එක කොහෙද බං සිංගප්පුරුවෙ තියෙන්නෙ Hutchison Asia Telecom තියෙන්නෙ හොන්ග්
Neutral,PERSON PERSON කොහෙද යන්නෙ මල්ලෙ පොල්
Location,PERSON තෙරුන ඔය කලින් ඉදල තියෙන්නෙ කලවෙද කොහෙද
Location,PERSON PERSON ගෙදර කොහෙද
Location,PERSON එකනෙ දන්නවනම් ටිකක් කලින් එනව එක නෙමෙයි නුවර කොහෙ කොහෙද රවුම් ගැහුවෙ අම්මනම් කිව්ව අද දවසම වගෙ වැස්ස කියල
Neutral,කසිප්පු බොන්න දවසට වතවක් දුවන මිනිහෙක් යන්නෙ බයිසිකලෙන් උන්නු ගමන් ගෙදර එන්නෙ රැට ත්රි විල් එකෙන් එ කියන්
Location,නංගි කොහෙද   බදුල්ලෙ සොක් පලත   සොක් හැබැයි සමහර දවසට සොක්  background music ruining the vibe
Neutral,PERSON අඩො මන් වසරෙදි තප්පෙකින් පැනල කකුල කඩගෙන මස ගනක් මෙසයක් ඉඩ දපල හිටියඔක තමයි ප්ලෙ කලෙ එ කලෙ කොහෙද විඩියො ගෙම්
Location,PERSON ඔය කොහෙද හලවත අවෙ ලගටම ඇවිත් ගිහින්
Location,PERSON දමු දමු කොහෙද දන්නෙ
Location,PERSON එය කොහෙද පලත් සබ
Location,PERSON PERSON කුරුනැගල කොහෙද
Neutral,ජපන් PR කෙසෙ වෙතත් වියට්නම් PR එකක්ද කොහෙද හදහනෙ ලියවිල තියෙන්නෙ මටත් දැන් පොඩ්ඩක් උන්ගෙ බෂව හිනෙන් කියවෙනව
Neutral,PERSON කොහෙද ඉතින් අනිත් පර්ෂ්වය ඇහුවෙ නැනෙ එප කිව්වට
Location,PERSON බදුල්ලෙ කොහෙද මෙ
Neutral,PERSON රැට call කරල බයිට් දෙන්න එප ප්රෙන් මම අහු වුන එකම බයිට් එකද කොහෙද එකත් මු Logo එකක් හදගන්න ඔන කි
Neutral,මෙ අත නං නොසැහෙන්න මහන්සි වෙල තියෙන අතක්ද කොහෙද
Neutral,PERSON උබනෙ බන් යන්නෙ කොහෙද ඇහුවම මල්ලෙ පොල් උත්තර දෙන්නෙ තිබ්බ් පුර්වදර්ෂයක් මුක්ත කරනනෙ ස්වධින
Neutral,කගෙ දරුවෙක්ද බන් මු මොනවද මෙ මු කියන්නෙ නිතියෙ කෙසෙ වෙතත් මුගෙ හුස්ම හිරවෙලද කොහෙද Mangala murdered himsel
Neutral,PERSON උබ බන් යන්නෙ කොහෙද මල්ලෙ පොල් තර්ක දුන්නම කියන්නෙ වෙන මොනවද කලින් විදිහ දන්නැ එ කලෙ ප්ර
Neutral,PERSON එකනම් එහෙම තම ඉතින් අපිට කොහෙද පුසො මලු
Neutral,PERSON PERSON ඔය එහෙනම් පිට දෙසක්කරයෙක්ද කොහෙද දවල් රැ වෙල පෙන්නෙ මෙ ඔයලගෙ පැත්ත හරි අමුතයි අප්ප
Neutral,එක චමිපිකයෙක් අත්අඩංගුවට ගත්ත කියල කැ ගහන උදවිය යමපලනය අපිව අත්අඩංගුවට ගද්දි හිටියෙ කොහෙද
Neutral,PERSON අර්ය ද්රවිඩ බෙදිල්ල මිත්යවක් කියල ඔප්පු වෙල ගොඩක් කල් Lol අනිත් එක බෙන්ගලි කියන්න කොහොමත් අර්ය ජන
Neutral,PERSON මෙකෙ කොහෙද මෙහෙම දෙබසක් තිබ්බෙ කියල හිතන සිරිමල්
Neutral,PERSON PERSON බැනෙ අපි වැඩ ඔයලට වගෙ රට වටෙ පිංකං කරන්න අපිට කොහෙද නිවඩුවක්
Neutral,සමන්ය පෙල අන්තිම අවුරුද්දෙ මං තම අපෙ නිවස නයකය එ හින්ද ද කොහෙද මට ඔය වැඩෙ අන්තිම අවුරුද්දෙ මිස් උනෙ
Neutral,මගෙ නමලි බැදි අදරෙ මනමලියයි මැනිකෙ ඔය ඔරුවෙ නැගි එහි පවෙවි අමනපයෙන් පිටවි ගිය බැදි අදරෙ සුකුමලියෙ පෙම් පනිවිඩෙ ප
Neutral,මගෙ නමලි බැදි අදරෙ මනමලියයි මැනිකෙ ඔය ඔරුවෙ නැගි එහි පවෙවි අමනපයෙන් පිටවි ගිය බැදි අදරෙ සුකුමලියෙ පෙම් පනිවි
Neutral,PERSON PERSON බලගෙන නැට්ට පගගෙන ඉන්නකොට හරියට රිදෙනව නෙද පුලුවන් නම් මම බඩුමිල අඩුවෙනකම් ඉන්න
Location,PERSON PERSON PERSON කොහෙද තියෙන්නෙ R එක ඇයි register නොකර තියන් ඉන්නෙ
Location,PERSON ඔය ඉන්නෙ කොහෙද යලුවෙ
Neutral,PERSON එහෙමද කොහෙද තමයි
Location,PERSON කොහෙද යකො හිටියෙ කොහෙ යනවද මන්ද නොකියම
Neutral,LTTE එක එ කලෙ බෙබි බ්රිගෙඩ් කියල ලම සොල්දදුවො පුහුනු කරද්දි ඔය මනො ගනෙෂන්ල කොහෙද උන්නෙ උන් ටික ලම මනසට ලොකු අදර්ෂයක්
Location,PERSON PERSON මෙහෙ වරෙන් කොහෙද දුවන්නෙ
Location,PERSON PERSON PERSON පච රනවක රජිත ඩයස් කන්දප්පල වගෙ උන් නිතියෙ දෙවගන සමුහ දුෂන කරන කොට තෙපි කොහෙද හි
Neutral,PERSON PERSON ජැකට් එකක් ගන්ඩ හොද කොහෙද අපිත් සදුද යන්ඩ හදන්නෙ
Neutral,PERSON PERSON ඔයට වෙන වැඩ කොහෙද අනිත් මිනිස්සුන්ට ගිනිගෙඩි පත් කරනව අැරෙන්න
Location,PERSON ඔන්න ඔහොම කියල තියෙන්නෙ කොහෙද කියල තමයි මටත් හොයගන්න ඔන
Neutral,PERSON මෙහෙද අප්පෙ ඔව්ගෙවල් කොහෙද අක්කෙ
Location,PERSON උට්ටො කොහෙද ගියෙ
Neutral,PERSON PERSON මෙය කතවක් නැ වගෙ තරහ වෙලද කොහෙද
Neutral,PERSON අද් ක් ද කොහෙද ගහල
Neutral,PERSON අැයි අනෙ මෙ අක්ක මෙම මැන්ටල්ඩහ් මගෙ ක්රස් එක වෙලත් හිටියනෙ දවසක් ද කොහෙද එ්ක නිස වෙන්නැති
Neutral,PERSON PERSON කොහෙද මෙක හරි විස්තරයක් දැනගන්න පුලුවන් ද
Neutral,PERSON මෙ අර බැසිල් ගෙ දුවගෙ අනිත් එක නෙ  අපෙ උන් ඉතින් මෙ කොහෙද යන බඩු උස්සල උන්ගෙ හු** නලලෙ දැන්
Location,PERSON PERSON කොහෙද බොල චුත වෙල හිටියෙ දිවිය ලොකෙ ගියද
Neutral,PERSON PERSON PERSON මුක් අසල් වැසියෙක්ද කොහෙද
Location,PERSON කොහෙද දුවන්නෙ මෙහෙ වර
Location,මන්ඩුක : කොහෙද එය ගිහින් තියෙන්නෙ කටුමරිස් : කියන විදිහට කොන්ස්තන්තිනොපලයට ඔය එක දන්නවද මන්ඩුක : අ කොන්ස්තන්තිනොපල් ම
Neutral,PERSON Sure පන් ගෙඩිය අයින් කරන එකක් ද කොහෙද නැත්තම් towel rack උඩින් තියයි ඇ
Neutral,වැහි දෙයියො එලම් තියන් ඉන්නෙ හවස ටද කොහෙද
Neutral,මන්ඩුක : කොහෙද එය ගිහින් තියෙන්නෙ කටුමරිස් : කියන විදිහට කොන්ස්තන්තිනොපලයට ඔය එක දන්නවද මන්ඩුක : අ කොන්ස්තන්ති
Location,PERSON PERSON Dialog එකෙ හැටිද කොහෙද
Location,PERSON PERSON කොහෙද යන්නෙ උබ මල් ෂලවටද
Location,PERSON කොහෙද ගෙදර
Neutral,PERSON කොහෙද බන් ඔවලට වෙලවක්
Neutral,PERSON PERSON මල පනලද කොහෙද
Neutral,PERSON PERSON අතල් නෙහ් කොහෙද බන්ඩරවෙල ඉන්නෙ වැස්සෙම කොහෙ හරි ගිය නම් හරි
Neutral,PERSON විදි සුපිරි ටකරන් කැලි එව ගනික මඩමක් අයිති එකියක්ද කොහෙද
Neutral,PERSON PERSON කිරිබත්ගොඩ හිමිගෙ කැරැට්ටුව මුලු ලංකවම දන්නව ඔය ඇරෙන්න සහො පලි ත්රිපිටකය පලි ම
Location,PERSON කොහෙද මෙ රෙස්ටුරන්ට් එක
Neutral,ෂ්රි LH යකුත් ලක්ෂ දොලහමරක් දහතුනක් නොතෙමි යන්ඩ කර් ගන්නෙ කොහෙද
Neutral,PERSON NASA එකෙ download speed එක GBps ද කොහෙද neh අය්යෙගෙ එච්චර ස්පිඩ් ද
Neutral,ඉස්සර යහපලන දවස මහින්ද මහත්තය බඩු මිල යද්දි වෙදිකවෙ කත කරෙ එක අතකින් බි ලුනු ගෙඩියක් අතින් කරකව එ ලුනු ගෙඩිය
Location,PERSON කොහෙද එක තිබ්බෙ
Location,PERSON PERSON අක්කෙ ඔය කොහෙද ඉන්නෙ දකොන්න නැ නෙ
Location,PERSON PERSON PERSON නිරික්ෂනය  නිගමනය සරංෂය=උං කොහෙද ගියෙ
Neutral,PERSON අර නුගෙගොඩ ද කොහෙද අනරක්ෂිත පරෙ ගහපු එකක් වැටිල කෙල්ලෙක් එකතැන් උන නෙද එකට ගන්නෙ මොන හුලගෙ මොන එකද
Neutral,PERSON PERSON PERSON ඉයෙ ඉදන් කොහෙද අතුරු දහන් උබ එක කියම් ගිය නෙද කැල්ල බලන්න
Location,අද PERSON කෙවින් එක්ක කොහෙද ගිය මෙයPERSON නෙද PERSON බබහ්
Neutral,අර ුරුදු_කට_කලින් ඇවිල්ල පැට්රික් ඩොසිගෙං % ෂෙයස් ගත්තය වගෙ එව්ව මෙව්ව කියපු ඩයල් එකත් දැං ට්විට් එකෙ කො
Neutral,බයිසන්වරු එලවලු හල් මිල වැඩි කියල තියෙන පොස්ට් හොය හොය ගිහින්   ක්රොටන් කොල කපු උං එලවලු මිල වැඩි කියනව   වගෙ ය
Neutral,PERSON ඔය ගොප්රො එකෙන් ගන්න පින්තුර කොහෙද දන්නෙ
Neutral,PERSON අත කොහෙද කියල බැලුවෙ
Neutral,මු සමන් එදිරිමුනිගෙ දරුවෙක්ද කොහෙද දෙවනි ඉනිමත් එක්ක අත්මිය බැදිමක් තියෙන්නෙ PERSON
Neutral,PERSON උබ දන්න නිතිය කොහෙද කියන්නෙ cctv මකල කියල නඩුවත් අහල ඉවරයි ඉලග නඩුව දලත් නැ ෆොන්සෙකට වුන වගෙ නිති
Location,PERSON තො කොහෙද බොල බොන්න ගියෙ
Location,PERSON PERSON PERSON පච රනවක රජිත ඩයස් කන්දප්පල වගෙ උන් නිතියෙ දෙවගන සමුහ දුෂන කරන කොට තෙපි කොහෙද හිටියෙ බොලව්
Neutral,දෙවනි ඉනිමෙ මධ්ය ප්රකෂක ද කොහෙද මු වෙන රස්ස නෙද්දොයි
Location,PERSON PERSON ඔබ ඉන්නෙ කොහෙද කිය සහරන් හොයනව ලොකෙ පුර
Neutral,අර ුරුදු_කට_කලින් ඇවිල්ල පැට්රික් ඩොසිගෙං % ෂෙයස් ගත්තය වගෙ එව්ව මෙව්ව කියපු ඩයල් එකත් දැං ට්විට් එකෙ
Neutral,මචන් මෙයනම් මනුස්සයෙක් වෙන්න බැදෙවියෙක්ද කොහෙද මොක හිරෙගියත් මටනම් වගෙ වගක් නැත මගෙ
Neutral,බලං ගිහම වොට්සන් වගෙම හොම්ස් කියනෙත් අහක යන කුනු ඇදන් කන එව්න් ඩබලක්ද කොහෙද කවුරුවත් කියපු දෙයක් අරෙහෙන් මෙහෙන් අ
Location,PERSON එය කොහෙද එත්කොට
Location,PERSON ලියන්ගස්තොට තියෙන්නෙ කොහෙද
Neutral,PERSON උබල කොහෙද ඔව දන්නෙ අපි කලයක් රෙඩියො වල ඔවර් නයිට් කරපු උන් හරිය
Location,PERSON කොහෙද ලංකවෙ
Neutral,හපොයි බොලෙ බුල් මල්ලි මැෂිම ඇතුලෙ කැරකෙනව දුලි කිලුටු වෙල කියල බබ උන්ව හොදනව ස්නොවි කොහෙද කියල ඔහු ගෙ පුරම
Location,වැඩ්ඩො සිටිය යුත්තෙ කොහෙද පිලිතුර පර්ලිමෙන්තුවෙ  මහචර්ය චන්න ජයසුමන අනුරධපුර දිස්ත්රික්කයෙන්ද අචර්ය නලක ගොඩ
Neutral,වම්පස දකුනු රොදය PERSON එයි මෙක කිය දෙන්නකො මත් තම අපෙ වහනෙ හොයනව එ වගෙ රොද කොහෙද තියෙන්නෙ කිය https:
Neutral,PERSON එක හරිම ලස්සනයිනෙ ඔව් හිනයකද කොහෙද තම එය
Neutral,PERSON ඔඔඔඔ ඔඔඔ කොහෙද මෙය එක්ක බැනෙ අෆ්ෆ
Neutral,පචයට තියෙන අවුල හප්පපු එක නෙවෙයි එ රැ කොහෙද තනියම ගියෙ කියල උසවියෙන් අහයි කියල ඉය
Neutral,PERSON PERSON නැට්ට පොඩ්ඩක් ගිනි අරගෙන ෂයිල්යකර්ම කරගෙන කිම්පුකෂික කඩවැසියන් වගෙ පුක හදගන්න ඔනෙ කියලලු අවෙ අනෙ ම
Neutral,PERSON PERSON නැට්ට පොඩ්ඩක් ගිනි අරගෙන ෂයිල්යකර්ම කරගෙන කිම්පුකෂික කඩවැසියන් වගෙ පුක හදගන්න ඔනෙ කියලලු
Neutral,PERSON PERSON මුස්ලිම් අන්තවදියො කොහෙද මුස්ලිම් අයව පිඩවට ලක්‌ කරන්නෙ ඔය සුරංගන කත හොදයි සිරියවෙ
Neutral,PERSON PERSON PERSON ජනපති කව්ද එද අමති කොහෙද මෙද
Neutral,PERSON PERSON Mhh සුලු දෙයක් අයියෙ අර GB ද කොහෙද කටුන් එකෙ ටොරන්ට් ලින්ක් එකත් එවන්න
Neutral,PERSON යකඩ කල වතුර බිලද කොහෙද මලකඩ කල ම්
Neutral,Cent OS එකට Asterisk සර්වර් එක දම VOIP කන්ෆිගර් කිරිමට යුසර් නෙම් අනන් මනන් ලබදි IP ද ලබ දි Asterisk Server එක ර
Neutral,LTTE එක එ කලෙ බෙබි බ්රිගෙඩ් කියල ලම සොල්දදුවො පුහුනු කරද්දි ඔය මනො ගනෙෂන්ල කොහෙද උන්නෙ උන් ටික ලම මනසට ලොකු
Location,PERSON උබයි චන්දුයි කොහෙද ගියෙ
Neutral,වොල් අර්ට් ඉත සුදුසු වන්නෙ එව කලවෙන් පමනක් ම වර්නවත් වු විටය එසෙ නොවි එම කලවෙන් තවකෙකු වෙදනවට පත් කරයිනම් එ
Neutral,PERSON උ හිනයක් දකිනවද කොහෙද
Neutral,කල්පන කරල බැලුව බැලුව හිතගන්නම බැ බැරිම තැන කර් එක යටට බඩගල බැලුව PERSON අන්කල් කොහෙද එ රොදෙ අනෙ ple
Neutral,අනෙ මන්ද ඉටිම් කෙල්ලො අවන්ක වැඩිනොසමද කොහෙද තව කෙල්ලෙක්ගෙ පුපටත් ඉරිසිය කොරන්නෙ
Location,PERSON මහරගම කොහෙද
Location,PERSON එ කොහෙද
Neutral,PERSON හරියට හරි මට එක මතක් උන කොහෙද මල පෙරෙතකම කල දන්න සුදුලුනු ටිකක් තලලතෙල් චුට්ටක් දලසුදු
Neutral,PERSON කොහෙද බන් ලංකවෙ සිරියලත ස්විස් තනපති කර්යලයෙ වැඩකර කියල එ ගැනිට තනපති බුක්තිය ලැබෙන්නෙ දන්න මගුල
Neutral,Really PERSON bro Still no customer care යන්නෙ කොහෙද මල්ලෙ පොල් නෙහ්
Neutral,PERSON එතනින් එහ නං අපිටත් කරන්න බැද කොහෙද මස්ටර්ස් නං තම
Location,PERSON නුවරඑලියෙ කොහෙද
Location,PERSON නැ අවිස්සවෙල්ලෙද කොහෙද
Location,PERSON කොහෙද ඉන්නෙ
Location,PERSON PERSON PERSON මෙයට නොකිය උබ කොහෙද ගියෙ
Location,PERSON කොහෙද මෙ නවල
Neutral,PERSON PERSON ඔක සෙක්ස් වලට එහ හිය ඇදුම් පැලදුම් ගති සිරිත් වල ඇති උනු පසුගමි තත්වයක් කියල මට හිතෙන්නෙ
Neutral,PERSON කොහෙද මචන් මෙදැක්කත් සනිපයි
Location,කොහෙද මෙ යන්නෙ
Location,හරියට කියපං ලංකවෙ ලොකුම Wall Art එක තියෙන්නෙ කොහෙද
Location,PERSON කොහෙද අයියහ්
Neutral,PERSON ඔය පැන් අන්තිමට හෙනටම බල වෙල ගිය තින්ත ගල්වෙන්න ගත්ත එ කලෙම අව වෙන පැන් බ්රැන්ඩ් එකක් ඇට්ලස්ද කො
Location,්දුවත් එක්ක කොහෙද යනව කියගෙන කියඔයි
Location,PERSON කොහෙද බොල මටත් නොකිය
Location,රැ කොහෙද යන්නෙ
Location,PERSON හලවත කොහෙද බං
Location,PERSON මෙ කොහෙද
Location,PERSON කොහෙද මිනිහො මෙච්චර දවස් හටියෙ
Neutral,රසිකයයි අර රියල් චරිත් කියන හදයයි ගිංතොට ප්ලයිවුඩ් එකෙ වැඩ කරපු උන්ද කොහෙද
Location,PERSON PERSON අක්කෙ ගෙවල් කොහෙද හොයගෙන හරි එන්නම්
Neutral,මං එහෙ බලල මෙහෙ බලන ඩිංගිත්තට දොට්ට පොලවල් ගනෙ මට කැලැ පත්තරත් ගහල වසනවට මගෙ කියල ගිරගම මැනිකෙද කොහෙද ඇදල
Neutral,PERSON අයුබොවන් කොහෙද බං මලය හිටියෙ
Neutral,සිරියයි යහපලන අන්ඩුවයි තියෙද්දි එක ලබ්බකින්වත් සැනසිලි තැග්ගක්වත් ලංකව දිනුවෙ නැ ගොටබය අපු ගමන් යන හැම එකම දින
Location,PERSON එයි කෙරිය කොහෙද හිටියෙ
Neutral,මං එහෙ බලල මෙහෙ බලන ඩිංගිත්තට දොට්ට පොලවල් ගනෙ මට කැලැ පත්තරත් ගහල වසනවට මගෙ කියල ගිරගම මැනිකෙද කොහෙද ඇද
Neutral,PERSON ලංකවෙ පමනක් පුරවැසියෙක් වෙන රටට අපහස කරන්න බොරු කියන මෙ ගැනිට කොහෙද තනපති වරප්රසද
Neutral,ගිය ඖරුද්දෙද කොහෙද නත්තල් කලෙ Reindeer challenge එකක් තිබ්බ නෙ මෙද පර නැද්ද
Neutral,PERSON ප්රොෆෙසර් හිටියනම් ඉතින් අහගන්න තිබ්බ කොහෙද මෙ මල්පපඩම් එක්ක බැහැනෙ
Location,PERSON යකොයි කොහෙද එලම එලම
Location,PERSON කොහෙද බන් ලංකවෙ සිරියලත ස්විස් තනපති කර්යලයෙ වැඩකර කියල එ ගැනිට තනපති බුක්තිය ලැබෙන්නෙ දන්න ම
Location,PERSON කොහෙද යකො ව්හෙම පරිප්පු තියෙන්නෙ
Location,PERSON PERSON ඔය ප්රොන් විඩියොස් බලන්න තියෙන්නෙ කොහෙද මෙය
Neutral,PERSON PERSON   යන්නෙ කොහෙද වල්ලෙ මයිල්   වගෙ උත්තර නෙ දෙන්නෙ මෙය
Neutral,PERSON මෙ මොනද කොහෙද කවද්ද උනෙ
Neutral,PERSON වැඩක් නැ අවරුදු ක්‌ හිටියත් මතක් වෙනව පලමු මතකයන් සුන්දරයි කියන්නෙ එකද කොහෙද
Neutral,PERSON මුතු කිරිල්ලි පලවෙනි එකද කොහෙද අම්මො එ කලෙ නෙහර
Neutral,PERSON PERSON අඩො තම වෙරිද කොහෙද බන්
Location,PERSON කො කොහෙද හැපුයි පැගුනද
Location,PERSON ඔය දන්නැද්ද ඉයෙ පෙරෙද අරංචි උනෙ ඔය Kushan කියන කෙන මැරිල තියෙන්නෙ දි ද කොහෙද කියල
Location,එතකොට මෙ සියල්ල සිදු වෙල තිබෙන්නේ දැනගෙන පසුගිය අවුරුදු හෙ නිතිය බල්ලට යනකොට ඔය PERSON එකෙ PERSON යෙ උන් කොහෙද බන්
Location,PERSON PERSON Phone එකෙ කොහෙද තියෙන්නෙ
Neutral,ලුනු ගනං ලංකවෙ විතරක් නෙවෙද කොහෙද
Neutral,Telegarm එකෙ ඩවුන් වෙන විඩියො කොහෙද සෙව් වෙන්නෙ PERSON අර ෆිල්ම් දන ගෘප් එකෙ එව ඩවුන් කරන්නෙ කොහොමද PERSON
Neutral,PERSON Ur welcome ඔය ගොඩක් නිවිච්ච කෙනක් ද කොහෙද
Neutral,PERSON කො කොහෙද ඉන්නෙ නොටිය ඉන්න මම අල්ලන්න දගලන්නෙප ඉතින්
Neutral,PERSON PERSON එහෙම සින් එකක්ද කොහෙද තම බන්
Neutral,කොහෙද කොහෙද අහන්න එප සුපිරි වැඩක්
Neutral,රැල්ලට ගිහින් හැමොටම පෙන්න තොලක් දන ෆොටො එකක් අප්ලොඩ් කරන්න හිතෙනව කොහෙද ඉතින් පෙන හින ස්ක්රින් ෂොට්
Neutral,PERSON PERSON ඔකනෙ ඉතිං වැස්සට වත් පසල් නොගිය එවුන් මධ්ය කරයො උනම බැරි අංකල් උබ අහල නැද්ද ථෙරපුත්තබය
Neutral,කල්පන කරල බැලුව බැලුව හිතගන්නම බැ බැරිම තැන කර් එක යටට බඩගල බැලුව PERSON අන්කල් කොහෙද එ රොදෙ අනෙ
Neutral,PERSON කොතනද බ්රො චිත්ත ෆොර්ම් නොකරන්නෙ චිත්ත ෆොර්ම් කරොත් තමයි පැවැත්ම තියෙන්නෙ මෙකෙත් එච්චරයි
Location,කොතනද ඉන්නෙ ජිම් එකෙ මත් ඔතන ඉන්නෙ
Neutral,PERSON PERSON මං කටවත් ලව් කරනව කිව්වෙ කොතනද
Neutral,ලියගන්නට අකුරු නැතිවද කියගන්නට වචන නැතිවද ගොලුවුනෙ අපි නුබ අද කොතනද ම අද කොතනද ලතැවුල් පමනක් ඉතිරිව බැදිසෙ
Neutral,සිරිසෙන ගෙදරින් දොට්ට via PERSON සිරිසෙනට මෙතරම් සැප නිවසක් අවෂ්ය ද ජනපතිටවත් නැති පහසුක
Location,PERSON මෙ කොතනද
Location,PERSON මචං පොඩ්ඩක් කියහන් පය තියෙන්නෙ කොතනද කියල දන්නැති නිස ඇහුවෙ
Location,දැන් කොතනද තියෙන්නෙ
Location,PERSON මෙ කොතනද
Location,PERSON කොතනද බං ඔය
Location,PERSON PERSON ඔන තැනට නිති නැ සහොදරය පරවල් ගනෙ හැමනෙන්නෙ කොතනද එ ෆිල්ම්වල ද ද ද ද කොකෙද පරවල් ගනෙ
Neutral,රටෙ රජතුම ප්රමුක කන්ඩයම සැලසුම් කරන්නෙ රටවැසිය වෙනුවෙන් තමන් ලොකයෙ කොතනද තවත් අවුරුදු කින් ඉන්නෙ කිය
Neutral,PERSON PERSON එකත් කමක් නැ කියමුකො මට තියෙන ප්රෂ්නෙ තම අරුගෙ අත තියෙන්නෙ කොහෙද බන්
Neutral,PERSON කොහෙද බo ව්යංගර්ථයක් තියෙන්නෙ ඔය කෙලින්ම කියල තියෙන්නෙ මo
Neutral,රජිත අත්අඩංගුවට ගන්නැයි නිතිපති නියොග කරයි CID ක්රියත්මකයි‘රජිත සෙනරතන බන්ධනගරය වැලිකඩ’ නව ලිපිනය සුදනම්
Neutral,රජිත අත්අඩංගුවට ගන්නැයි නිතිපති නියොග කරයි CID ක්රියත්මකයි‘රජිත සෙනරතන බන්ධනගරය වැලිකඩ’ නව ලිපිනය
Neutral,PERSON වෙබ් අඩවි කිහිපයකට ගිහිල්ල එවල Newsletters වලට ඔය ලිපිනය දල ලියපදිංචි වෙන්න
Neutral,PERSON PERSON ලිපිනය ලියු මුද්දර සහිත ලියුම් කවරයක් එවන්න ද
Neutral,PERSON ලිපිනය : වෙතරනි අපය ලග උස්සද නිරය
Neutral,PERSON ඔක කියවපු ගමන් අල්ලපු ගෙදර අංකල් කමතුරයෙක් කියල ලමයි හිතනව ඇයි ඉතිං එක නෙ ඔය ලියල තියෙන්නෙ පෙන්
Neutral,PERSON එහෙනං ඉතිං ඔක නත්තල් තැග්ගක් කියල හිතගන්නයි තියෙන්නෙ
Neutral,PERSON PERSON හැරෙන්න වෙලවක් නැ බන් තව මස ක් යනකන් එපවෙල තියෙන්නෙ අරකයි මෙකයි බයිල තමයි ඔක නැ කියල අපි නොගිහින් හිටියද
Neutral,PERSON Raw Copy or ඔක මම අහල තියනව දිව අග තියෙන්නෙ එන්නැ තු තු
Neutral,ඉක්මනට තරහ යන කෙල්ලො ගවලු සැබැ අදරෙ තියෙන්නෙ අර මනුස්සයට ඔක තෙරෙනවයැ
Neutral,උපුට ගැනිමකි  Deshan Nimrod මෙ ගංවතුර වෙන කලෙක අවනං   අන්න කතරගම දෙවලෙ යට වෙන්ඩම වැහැලලු ඔක තම අපි තොපිට
Neutral,PERSON PERSON ජපනයෙත් ඔක කරනව කරනව කියන්නෙ නය යනකමි ඉන්නෙ නැකලින්ම කරල තියෙන්නෙ
Neutral,PERSON ටද බං ඔක ගැටගැහිල තියෙන්නෙ
Neutral,PERSON PERSON එක කරන්නෙ එයලගෙ පවුලෙ අයනෙපොඩි කෙල්ලගෙ අච්චිල දෙන්න තම එ ඉන්නෙඑයලගෙ අච්චිල එක්ක එක කරනව
Neutral,PERSON මැවිල්ල ගැන තියෙන්නෙ උප්පත්ති පොතෙ එකෙ අවසනෙ තියෙන්නෙ ජොසප් ගැන මැවිල්ලෙ කතව අන්තිමටත් ඔක කියල නැ
Neutral,PERSON එක නම් මෙ ඉපදෙන්න කලින් ලමයෙක්ටත් තෙරෙනො ඔක ලංකවෙ තියෙන්නෙ කියල
Neutral,ටිකට් එකක් කීයද
Neutral,මට බිල ගෙවල යන්න ඕනැ
Neutral,ඔයාල බ්‍රිතාන්‍ය පවුම් ගන්නවද
Neutral,ඔයාල ක්‍රෙඩිට් කාඩ් ගන්නවද
Neutral,මට සල්ලි මාරු කරල දෙන්න පුළුවන්ද
Neutral,මට සල්ලි මාරු කර ගන්න පුළුවන් කොහෙන්ද
Neutral,මට ට්‍රැවලර්ස් චෙක් එකක් මාරු කරල දෙන්න පුළුවන්ද
Neutral,සල්ලි ගන්න මැෂිමක්  ඒ   ටී   එම්   එකක්  තියෙන්නෙ කොහෙද
Neutral,මාරු කරන රේට් එක මොකක්ද
Neutral,මට ට්‍රැවලර්ස් චෙක් එකක් මාරු කර ගන්න පුළුවන් කොහෙන්ද
Neutral,බිල ගේනවද
Neutral,මේක කීයද
Neutral,ඔයා මේක ගන්න කැමතිද
Neutral,ඔයාල ඇමරිකාවෙ  කැනඩාවෙ  ඕස්ට්‍රේලියාවෙ ඩොලර් ගන්නවද
Neutral,මිළට ඇතුළත්ද
Neutral,ඔයාල ළඟ  සේප්පුවක්  තියනවද
Neutral,මට ඔයාගෙ ෆෝන් එක පාවිච්චි කරන්න පුළුවන්ද
Neutral,මේක හදිස්සියක්  මට ඔයාගේ උදව් ඕනැ
Neutral,මම පොලීසියට කතා කරනව
Neutral,ඔබගේ දුරකතන අංකය කුමක්ද
Neutral,මට ඔබගේ දුරකතනය පාවිච්චි කල හැකිද
Buy,මට මේක ගන්න ඕනෙ
Buy,කෑම එක අර ගන්නම ඕනෙ
Buy,මට මේ කමිසය ගන්න ඕනෙ
Buy,ඕගොල්ලන්ගෙ කොළ පාට ගවුම ගන්ක ඕනෙ
Buy,මට මේ කමිසය ඕනෙ
Buy,මට මෙන්න මේ t shirt එක මිලදී ගන්න ඕනෙ